#miRNA	read_count	precursor	total	seq	seq(norm)
gga-let-7a-5p	542276.00	gga-let-7a-1	542276.00	542276.00	70893.98
gga-let-7j-5p	542276.00	gga-let-7a-1	542276.00	542276.00	70893.98
gga-let-7a-5p	539445.00	gga-let-7a-2	539445.00	539445.00	70523.87
gga-let-7j-5p	539445.00	gga-let-7a-2	539445.00	539445.00	70523.87
gga-let-7a-5p	544519.00	gga-let-7a-3	544519.00	544519.00	71187.22
gga-let-7j-5p	544519.00	gga-let-7a-3	544519.00	544519.00	71187.22
gga-let-7b	140677.00	gga-let-7b	140677.00	140677.00	18391.29
gga-let-7c-5p	37006.00	gga-let-7c	37006.00	37006.00	4837.95
gga-let-7d	796.00	gga-let-7d	796.00	796.00	104.06
gga-let-7f-5p	217961.00	gga-let-7f	217961.00	217961.00	28494.94
gga-let-7g-5p	62978.00	gga-let-7g	62978.00	62978.00	8233.37
gga-let-7i	35419.00	gga-let-7i	35419.00	35419.00	4630.47
gga-let-7a-5p	544925.00	gga-let-7j	544925.00	544925.00	71240.30
gga-let-7j-5p	544925.00	gga-let-7j	544925.00	544925.00	71240.30
gga-let-7k-5p	35871.00	gga-let-7k	35871.00	35871.00	4689.56
gga-let-7l-5p	19025.00	gga-let-7l-1	19025.00	19025.00	2487.22
gga-let-7l-5p	19025.00	gga-let-7l-2	19025.00	19025.00	2487.22
gga-miR-100-5p	15250.00	gga-mir-100	15250.00	15250.00	1993.70
gga-miR-101-1-5p	90.00	gga-mir-101-1	90.00	90.00	11.77
gga-miR-101-2-5p	76.00	gga-mir-101-2	76.00	76.00	9.94
gga-miR-103-1-5p	0.00	gga-mir-103-1	0.00	0	0
gga-miR-103-2-5p	0.00	gga-mir-103-2	0.00	0	0
gga-miR-10585-5p	0.00	gga-mir-10585	0.00	0	0
gga-miR-10585-3p	0.00	gga-mir-10585	0.00	0	0
gga-miR-106-5p	5091.00	gga-mir-106	5091.00	5091.00	665.57
gga-miR-107-5p	22.00	gga-mir-107	22.00	22.00	2.88
gga-miR-10a-5p	1.00	gga-mir-10a	1.00	1.00	0.13
gga-miR-10b-5p	270.00	gga-mir-10b	270.00	270.00	35.30
gga-miR-10c-5p	0.00	gga-mir-10c	0.00	0	0
gga-miR-122-5p	8.00	gga-mir-122-1	8.00	8.00	1.05
gga-miR-122-5p	8.00	gga-mir-122-2	8.00	8.00	1.05
gga-miR-12207-5p	0.00	gga-mir-12207	0.00	0	0
gga-miR-12207-3p	0.00	gga-mir-12207	0.00	0	0
gga-miR-12208-5p	0.00	gga-mir-12208	0.00	0	0
gga-miR-12208-3p	0.00	gga-mir-12208	0.00	0	0
gga-miR-12209-5p	0.00	gga-mir-12209	0.00	0	0
gga-miR-12209-3p	0.00	gga-mir-12209	0.00	0	0
gga-miR-12210-5p	0.00	gga-mir-12210	0.00	0	0
gga-miR-12211-5p	0.00	gga-mir-12211	0.00	0	0
gga-miR-12211-3p	0.00	gga-mir-12211	0.00	0	0
gga-miR-12212-5p	6.00	gga-mir-12212	6.00	6.00	0.78
gga-miR-12213-5p	0.00	gga-mir-12213	0.00	0	0
gga-miR-12213-3p	0.00	gga-mir-12213	0.00	0	0
gga-miR-12214-5p	0.00	gga-mir-12214	0.00	0	0
gga-miR-12214-3p	0.00	gga-mir-12214	0.00	0	0
gga-miR-12215-5p	93.00	gga-mir-12215	93.00	93.00	12.16
gga-miR-12216-5p	2.00	gga-mir-12216	2.00	2.00	0.26
gga-miR-12218-5p	0.00	gga-mir-12218	0.00	0	0
gga-miR-12218-3p	0.00	gga-mir-12218	0.00	0	0
gga-miR-12219-5p	3.00	gga-mir-12219	3.00	3.00	0.39
gga-miR-12219-3p	0.00	gga-mir-12219	0.00	0	0
gga-miR-12220-5p	1.00	gga-mir-12220	1.00	1.00	0.13
gga-miR-12221-5p	0.00	gga-mir-12221-1	0.00	0	0
gga-miR-12221-5p	0.00	gga-mir-12221-2	0.00	0	0
gga-miR-12222-5p	0.00	gga-mir-12222	0.00	0	0
gga-miR-12223-5p	0.00	gga-mir-12223	0.00	0	0
gga-miR-12223-3p	0.00	gga-mir-12223	0.00	0	0
gga-miR-12224-5p	0.00	gga-mir-12224	0.00	0	0
gga-miR-12224-3p	0.00	gga-mir-12224	0.00	0	0
gga-miR-12225-5p	0.00	gga-mir-12225	0.00	0	0
gga-miR-12226-5p	0.00	gga-mir-12226	0.00	0	0
gga-miR-12227-5p	0.00	gga-mir-12227	0.00	0	0
gga-miR-12227-3p	0.00	gga-mir-12227	0.00	0	0
gga-miR-12228-5p	4.00	gga-mir-12228	4.00	4.00	0.52
gga-miR-12228-3p	0.00	gga-mir-12228	0.00	0	0
gga-miR-12229-5p	4.00	gga-mir-12229	4.00	4.00	0.52
gga-miR-12230-5p	0.00	gga-mir-12230	0.00	0	0
gga-miR-12231-5p	0.00	gga-mir-12231	0.00	0	0
gga-miR-12232-5p	0.00	gga-mir-12232	0.00	0	0
gga-miR-12233-5p	0.00	gga-mir-12233	0.00	0	0
gga-miR-12233-3p	0.00	gga-mir-12233	0.00	0	0
gga-miR-12234-5p	0.00	gga-mir-12234	0.00	0	0
gga-miR-12234-3p	0.00	gga-mir-12234	0.00	0	0
gga-miR-12235-5p	3.00	gga-mir-12235	3.00	3.00	0.39
gga-miR-12236-5p	0.00	gga-mir-12236	0.00	0	0
gga-miR-12236-3p	0.00	gga-mir-12236	0.00	0	0
gga-miR-12237-5p	2.00	gga-mir-12237	2.00	2.00	0.26
gga-miR-12239-5p	0.00	gga-mir-12239	0.00	0	0
gga-miR-12239-3p	0.00	gga-mir-12239	0.00	0	0
gga-miR-12240-5p	0.00	gga-mir-12240	0.00	0	0
gga-miR-12242-5p	0.00	gga-mir-12242	0.00	0	0
gga-miR-12243-5p	0.00	gga-mir-12243	0.00	0	0
gga-miR-12244-5p	0.00	gga-mir-12244	0.00	0	0
gga-miR-12245-5p	0.00	gga-mir-12245	0.00	0	0
gga-miR-12245-3p	7.00	gga-mir-12245	7.00	7.00	0.92
gga-miR-12246-5p	2.00	gga-mir-12246	2.00	2.00	0.26
gga-miR-12246-3p	0.00	gga-mir-12246	0.00	0	0
gga-miR-12247-5p	1.00	gga-mir-12247-1	1.00	1.00	0.13
gga-miR-12247-3p	0.00	gga-mir-12247-1	0.00	0	0
gga-miR-12247-5p	1.00	gga-mir-12247-2	1.00	1.00	0.13
gga-miR-12247-3p	0.00	gga-mir-12247-2	0.00	0	0
gga-miR-12248-5p	0.00	gga-mir-12248	0.00	0	0
gga-miR-12248-3p	0.00	gga-mir-12248	0.00	0	0
gga-miR-12249-5p	0.00	gga-mir-12249	0.00	0	0
gga-miR-12250-5p	0.00	gga-mir-12250	0.00	0	0
gga-miR-12251-5p	0.00	gga-mir-12251	0.00	0	0
gga-miR-12252-5p	0.00	gga-mir-12252	0.00	0	0
gga-miR-12252-3p	0.00	gga-mir-12252	0.00	0	0
gga-miR-12253-5p	1.00	gga-mir-12253	1.00	1.00	0.13
gga-miR-12254-5p	0.00	gga-mir-12254	0.00	0	0
gga-miR-12255-5p	0.00	gga-mir-12255	0.00	0	0
gga-miR-12256-5p	0.00	gga-mir-12256	0.00	0	0
gga-miR-12257-5p	1.00	gga-mir-12257	1.00	1.00	0.13
gga-miR-12258-5p	0.00	gga-mir-12258	0.00	0	0
gga-miR-12259-5p	0.00	gga-mir-12259	0.00	0	0
gga-miR-12260-5p	0.00	gga-mir-12260	0.00	0	0
gga-miR-12261-5p	0.00	gga-mir-12261	0.00	0	0
gga-miR-12262-5p	0.00	gga-mir-12262	0.00	0	0
gga-miR-12263-5p	0.00	gga-mir-12263	0.00	0	0
gga-miR-12263-3p	0.00	gga-mir-12263	0.00	0	0
gga-miR-12264-5p	0.00	gga-mir-12264	0.00	0	0
gga-miR-12265-5p	0.00	gga-mir-12265	0.00	0	0
gga-miR-12265-3p	0.00	gga-mir-12265	0.00	0	0
gga-miR-12266-5p	338.00	gga-mir-12266-1	338.00	338.00	44.19
gga-miR-12266-3p	30.00	gga-mir-12266-1	30.00	30.00	3.92
gga-miR-12266-5p	338.00	gga-mir-12266-2	338.00	338.00	44.19
gga-miR-12266-3p	30.00	gga-mir-12266-2	30.00	30.00	3.92
gga-miR-12266-5p	338.00	gga-mir-12266-3	338.00	338.00	44.19
gga-miR-12266-3p	30.00	gga-mir-12266-3	30.00	30.00	3.92
gga-miR-12267-5p	0.00	gga-mir-12267	0.00	0	0
gga-miR-12268-5p	53.00	gga-mir-12268	53.00	53.00	6.93
gga-miR-12269-5p	0.00	gga-mir-12269	0.00	0	0
gga-miR-12269-3p	0.00	gga-mir-12269	0.00	0	0
gga-miR-12270-5p	0.00	gga-mir-12270	0.00	0	0
gga-miR-12271-5p	0.00	gga-mir-12271	0.00	0	0
gga-miR-12272-5p	0.00	gga-mir-12272	0.00	0	0
gga-miR-12272-3p	0.00	gga-mir-12272	0.00	0	0
gga-miR-12273-5p	8.00	gga-mir-12273	8.00	8.00	1.05
gga-miR-12273-3p	18.00	gga-mir-12273	18.00	18.00	2.35
gga-miR-12274-5p	0.00	gga-mir-12274	0.00	0	0
gga-miR-12274-3p	0.00	gga-mir-12274	0.00	0	0
gga-miR-12275-5p	1.00	gga-mir-12275	1.00	1.00	0.13
gga-miR-12276-5p	0.00	gga-mir-12276	0.00	0	0
gga-miR-12276-3p	0.00	gga-mir-12276	0.00	0	0
gga-miR-12277-5p	0.00	gga-mir-12277	0.00	0	0
gga-miR-12278-5p	0.00	gga-mir-12278	0.00	0	0
gga-miR-12279-5p	5.00	gga-mir-12279	5.00	5.00	0.65
gga-miR-12279-3p	0.00	gga-mir-12279	0.00	0	0
gga-miR-12280-5p	0.00	gga-mir-12280	0.00	0	0
gga-miR-12280-3p	0.00	gga-mir-12280	0.00	0	0
gga-miR-12282-5p	7.00	gga-mir-12282	7.00	7.00	0.92
gga-miR-12283-5p	0.00	gga-mir-12283	0.00	0	0
gga-miR-12284-5p	0.00	gga-mir-12284	0.00	0	0
gga-miR-12284-3p	0.00	gga-mir-12284	0.00	0	0
gga-miR-12285-5p	0.00	gga-mir-12285	0.00	0	0
gga-miR-12285-3p	0.00	gga-mir-12285	0.00	0	0
gga-miR-12286-5p	0.00	gga-mir-12286	0.00	0	0
gga-miR-12287-5p	0.00	gga-mir-12287	0.00	0	0
gga-miR-12288-5p	11.00	gga-mir-12288	11.00	11.00	1.44
gga-miR-12288-3p	6.00	gga-mir-12288	6.00	6.00	0.78
gga-miR-12289-5p	0.00	gga-mir-12289-1	0.00	0	0
gga-miR-12289-3p	0.00	gga-mir-12289-1	0.00	0	0
gga-miR-12289-5p	0.00	gga-mir-12289-2	0.00	0	0
gga-miR-12289-3p	0.00	gga-mir-12289-2	0.00	0	0
gga-miR-12290-5p	0.00	gga-mir-12290	0.00	0	0
gga-miR-12290-3p	0.00	gga-mir-12290	0.00	0	0
gga-miR-12292-5p	0.00	gga-mir-12292	0.00	0	0
gga-miR-12292-3p	0.00	gga-mir-12292	0.00	0	0
gga-miR-12293-5p	0.00	gga-mir-12293	0.00	0	0
gga-miR-12294-5p	0.00	gga-mir-12294	0.00	0	0
gga-miR-12295-5p	8.00	gga-mir-12295	8.00	8.00	1.05
gga-miR-12295-3p	0.00	gga-mir-12295	0.00	0	0
gga-miR-122b	0.00	gga-mir-122b	0.00	0	0
gga-miR-122b-5p	0.00	gga-mir-122b-1	0.00	0	0
gga-miR-122b-3p	0.00	gga-mir-122b-1	0.00	0	0
gga-miR-122b-5p	0.00	gga-mir-122b-2	0.00	0	0
gga-miR-122b-3p	0.00	gga-mir-122b-2	0.00	0	0
gga-miR-124a-5p	0.00	gga-mir-124a	0.00	0	0
gga-miR-124a-5p	0.00	gga-mir-124a-2	0.00	0	0
gga-miR-124c-5p	0.00	gga-mir-124c	0.00	0	0
gga-miR-125b-5p	203670.00	gga-mir-125b-1	203670.00	203670.00	26626.62
gga-miR-125b-5p	203331.00	gga-mir-125b-2	203331.00	203331.00	26582.30
gga-miR-126-5p	148.00	gga-mir-126	148.00	148.00	19.35
gga-miR-128-1-5p	499.00	gga-mir-128-1	499.00	499.00	65.24
gga-miR-128-2-5p	202.00	gga-mir-128-2	202.00	202.00	26.41
gga-miR-129-5p	973.00	gga-mir-129-1	973.00	973.00	127.20
gga-miR-129-5p	974.00	gga-mir-129-2	974.00	974.00	127.34
gga-miR-129-5p	974.00	gga-mir-129-3	974.00	974.00	127.34
gga-miR-1306-5p	728.00	gga-mir-1306	728.00	728.00	95.17
gga-miR-130a-5p	988.00	gga-mir-130a	988.00	988.00	129.17
gga-miR-130b-5p	16832.00	gga-mir-130b	16832.00	16832.00	2200.52
gga-miR-130c-5p	59.00	gga-mir-130c	59.00	59.00	7.71
gga-miR-1329-5p	106.00	gga-mir-1329	106.00	106.00	13.86
gga-miR-132a-5p	10.00	gga-mir-132a	10.00	10.00	1.31
gga-miR-132a-3p	23.00	gga-mir-132a	23.00	23.00	3.01
gga-miR-132b-5p	1.00	gga-mir-132b	1.00	1.00	0.13
gga-miR-132b-3p	4.00	gga-mir-132b	4.00	4.00	0.52
gga-miR-132c-5p	3.00	gga-mir-132c	3.00	3.00	0.39
gga-miR-133a-5p	429.00	gga-mir-133a-1	429.00	429.00	56.08
gga-miR-133a-5p	428.00	gga-mir-133a-2	428.00	428.00	55.95
gga-miR-133c-5p	4.00	gga-mir-133c	4.00	4.00	0.52
gga-miR-1354	0.00	gga-mir-1354	0.00	0	0
gga-miR-135a-5p	388.00	gga-mir-135a-1	388.00	388.00	50.72
gga-miR-135a-5p	388.00	gga-mir-135a-2	388.00	388.00	50.72
gga-miR-135a-5p	388.00	gga-mir-135a-3	388.00	388.00	50.72
gga-miR-137-5p	0.00	gga-mir-137	0.00	0	0
gga-miR-138-5p	156.00	gga-mir-138-1	156.00	156.00	20.39
gga-miR-138-5p	156.00	gga-mir-138-2	156.00	156.00	20.39
gga-miR-1388a-5p	56.00	gga-mir-1388a	56.00	56.00	7.32
gga-miR-1388b-5p	0.00	gga-mir-1388b	0.00	0	0
gga-miR-1397-5p	1.00	gga-mir-1397	1.00	1.00	0.13
gga-miR-140-5p	4304.00	gga-mir-140	4304.00	4304.00	562.68
gga-miR-1416-5p	36168.00	gga-mir-1416	36168.00	36168.00	4728.39
gga-miR-142-5p	9.00	gga-mir-142	9.00	9.00	1.18
gga-miR-143-5p	570.00	gga-mir-143	570.00	570.00	74.52
gga-miR-1434	2.00	gga-mir-1434	2.00	2.00	0.26
gga-miR-144-5p	6.00	gga-mir-144	6.00	6.00	0.78
gga-miR-145-5p	26074.00	gga-mir-145	26074.00	26074.00	3408.76
gga-miR-1451-5p	27668.00	gga-mir-1451	27668.00	27668.00	3617.15
gga-miR-1452	0.00	gga-mir-1452	0.00	0	0
gga-miR-1456-5p	288.00	gga-mir-1456	288.00	288.00	37.65
gga-miR-1459	0.00	gga-mir-1459	0.00	0	0
gga-miR-1460	0.00	gga-mir-1460	0.00	0	0
gga-miR-1462-5p	0.00	gga-mir-1462	0.00	0	0
gga-miR-1464	0.00	gga-mir-1464	0.00	0	0
gga-miR-1465	0.00	gga-mir-1465	0.00	0	0
gga-miR-1466	0.00	gga-mir-1466	0.00	0	0
gga-miR-1467-5p	0.00	gga-mir-1467-1	0.00	0	0
gga-miR-1467-5p	0.00	gga-mir-1467-2	0.00	0	0
gga-miR-146a-5p	3126.00	gga-mir-146a	3126.00	3126.00	408.67
gga-miR-146b-5p	45889.00	gga-mir-146b	45889.00	45889.00	5999.26
gga-miR-146c-5p	49200.00	gga-mir-146c	49200.00	49200.00	6432.12
gga-miR-148a-5p	25.00	gga-mir-148a	25.00	25.00	3.27
gga-miR-148b-5p	627.00	gga-mir-148b	627.00	627.00	81.97
gga-miR-153-5p	0.00	gga-mir-153	0.00	0	0
gga-miR-155	3.00	gga-mir-155	3.00	3.00	0.39
gga-miR-1550-5p	0.00	gga-mir-1550	0.00	0	0
gga-miR-1551-5p	0.00	gga-mir-1551	0.00	0	0
gga-miR-1552-5p	431.00	gga-mir-1552	431.00	431.00	56.35
gga-miR-1553-5p	0.00	gga-mir-1553	0.00	0	0
gga-miR-1554	0.00	gga-mir-1554	0.00	0	0
gga-miR-1555-5p	0.00	gga-mir-1555	0.00	0	0
gga-miR-1557	0.00	gga-mir-1557	0.00	0	0
gga-miR-1559-5p	1588.00	gga-mir-1559	1588.00	1588.00	207.61
gga-miR-1560-5p	0.00	gga-mir-1560	0.00	0	0
gga-miR-1561	39.00	gga-mir-1561	39.00	39.00	5.10
gga-miR-1562-5p	0.00	gga-mir-1562	0.00	0	0
gga-miR-1563	1.00	gga-mir-1563	1.00	1.00	0.13
gga-miR-1564-5p	0.00	gga-mir-1564	0.00	0	0
gga-miR-1573	0.00	gga-mir-1573	0.00	0	0
gga-miR-1574-5p	0.00	gga-mir-1574	0.00	0	0
gga-miR-1575	0.00	gga-mir-1575	0.00	0	0
gga-miR-1579	0.00	gga-mir-1579	0.00	0	0
gga-miR-1581	0.00	gga-mir-1581	0.00	0	0
gga-miR-1584	1.00	gga-mir-1584	1.00	1.00	0.13
gga-miR-1585	8.00	gga-mir-1585	8.00	8.00	1.05
gga-miR-1586	0.00	gga-mir-1586	0.00	0	0
gga-miR-1587	17.00	gga-mir-1587	17.00	17.00	2.22
gga-miR-1588	1.00	gga-mir-1588	1.00	1.00	0.13
gga-miR-1591-5p	0.00	gga-mir-1591	0.00	0	0
gga-miR-1592	0.00	gga-mir-1592	0.00	0	0
gga-miR-1593	0.00	gga-mir-1593	0.00	0	0
gga-miR-1594	2.00	gga-mir-1594	2.00	2.00	0.26
gga-miR-1595-5p	2.00	gga-mir-1595	2.00	2.00	0.26
gga-miR-1596-5p	0.00	gga-mir-1596	0.00	0	0
gga-miR-1597-5p	0.00	gga-mir-1597	0.00	0	0
gga-miR-1598	0.00	gga-mir-1598	0.00	0	0
gga-miR-15a	1713.00	gga-mir-15a	1713.00	1713.00	223.95
gga-miR-15b-5p	2879.00	gga-mir-15b	2879.00	2879.00	376.38
gga-miR-15c-5p	336.00	gga-mir-15c	336.00	336.00	43.93
gga-miR-16-5p	19995.00	gga-mir-16-1	19995.00	19995.00	2614.03
gga-miR-16-5p	19995.00	gga-mir-16-2	19995.00	19995.00	2614.03
gga-miR-1604	0.00	gga-mir-1604	0.00	0	0
gga-miR-1605	0.00	gga-mir-1605	0.00	0	0
gga-miR-1607	3.00	gga-mir-1607	3.00	3.00	0.39
gga-miR-1608	0.00	gga-mir-1608	0.00	0	0
gga-miR-1609	0.00	gga-mir-1609	0.00	0	0
gga-miR-1614-5p	0.00	gga-mir-1614	0.00	0	0
gga-miR-1618-5p	0.00	gga-mir-1618	0.00	0	0
gga-miR-1621-5p	0.00	gga-mir-1621	0.00	0	0
gga-miR-1623	18.00	gga-mir-1623	18.00	18.00	2.35
gga-miR-1625-5p	1.00	gga-mir-1625	1.00	1.00	0.13
gga-miR-1626-5p	0.00	gga-mir-1626	0.00	0	0
gga-miR-1627-5p	0.00	gga-mir-1627	0.00	0	0
gga-miR-1629	0.00	gga-mir-1629	0.00	0	0
gga-miR-1630	0.00	gga-mir-1630	0.00	0	0
gga-miR-1631	0.00	gga-mir-1631	0.00	0	0
gga-miR-1632-5p	0.00	gga-mir-1632	0.00	0	0
gga-miR-1633	0.00	gga-mir-1633	0.00	0	0
gga-miR-1635	0.00	gga-mir-1635	0.00	0	0
gga-miR-1637	0.00	gga-mir-1637	0.00	0	0
gga-miR-1638	0.00	gga-mir-1638	0.00	0	0
gga-miR-1641	7.00	gga-mir-1641	7.00	7.00	0.92
gga-miR-1642	0.00	gga-mir-1642	0.00	0	0
gga-miR-1643-5p	0.00	gga-mir-1643	0.00	0	0
gga-miR-1646	0.00	gga-mir-1646	0.00	0	0
gga-miR-1647	0.00	gga-mir-1647	0.00	0	0
gga-miR-1648-5p	8.00	gga-mir-1648	8.00	8.00	1.05
gga-miR-1649-5p	0.00	gga-mir-1649	0.00	0	0
gga-miR-1651-5p	0.00	gga-mir-1651	0.00	0	0
gga-miR-1654	3.00	gga-mir-1654	3.00	3.00	0.39
gga-miR-1655-5p	55.00	gga-mir-1655	55.00	55.00	7.19
gga-miR-1656	0.00	gga-mir-1656	0.00	0	0
gga-miR-1658-5p	0.00	gga-mir-1658	0.00	0	0
gga-miR-1660	0.00	gga-mir-1660	0.00	0	0
gga-miR-1661	1.00	gga-mir-1661	1.00	1.00	0.13
gga-miR-1662	0.00	gga-mir-1662	0.00	0	0
gga-miR-1663-5p	0.00	gga-mir-1663	0.00	0	0
gga-miR-1664-5p	11.00	gga-mir-1664	11.00	11.00	1.44
gga-miR-1665	0.00	gga-mir-1665	0.00	0	0
gga-miR-1666	0.00	gga-mir-1666	0.00	0	0
gga-miR-1667-5p	0.00	gga-mir-1667	0.00	0	0
gga-miR-1668-5p	0.00	gga-mir-1668	0.00	0	0
gga-miR-1670	0.00	gga-mir-1670	0.00	0	0
gga-miR-1671	0.00	gga-mir-1671	0.00	0	0
gga-miR-1672	0.00	gga-mir-1672	0.00	0	0
gga-miR-1674	24.00	gga-mir-1674	24.00	24.00	3.14
gga-miR-1676-5p	304.00	gga-mir-1676	304.00	304.00	39.74
gga-miR-1677-5p	401.00	gga-mir-1677	401.00	401.00	52.42
gga-miR-1679	0.00	gga-mir-1679	0.00	0	0
gga-miR-1680-5p	0.00	gga-mir-1680	0.00	0	0
gga-miR-1684a-5p	0.00	gga-mir-1684a	0.00	0	0
gga-miR-1684a-5p	0.00	gga-mir-1684b	0.00	0	0
gga-miR-1685-5p	0.00	gga-mir-1685	0.00	0	0
gga-miR-1687-5p	0.00	gga-mir-1687	0.00	0	0
gga-miR-1689-5p	0.00	gga-mir-1689	0.00	0	0
gga-miR-1690-5p	0.00	gga-mir-1690	0.00	0	0
gga-miR-1692	0.00	gga-mir-1692	0.00	0	0
gga-miR-1693	0.00	gga-mir-1693	0.00	0	0
gga-miR-1695	1.00	gga-mir-1695	1.00	1.00	0.13
gga-miR-1696	0.00	gga-mir-1696	0.00	0	0
gga-miR-16c-5p	461.00	gga-mir-16c	461.00	461.00	60.27
gga-miR-17-5p	28704.00	gga-mir-17	28704.00	28704.00	3752.59
gga-miR-1701	2.00	gga-mir-1701	2.00	2.00	0.26
gga-miR-1703-5p	0.00	gga-mir-1703	0.00	0	0
gga-miR-1704	0.00	gga-mir-1704	0.00	0	0
gga-miR-1708	0.00	gga-mir-1708	0.00	0	0
gga-miR-1709	0.00	gga-mir-1709	0.00	0	0
gga-miR-1710	0.00	gga-mir-1710	0.00	0	0
gga-miR-1711	6.00	gga-mir-1711	6.00	6.00	0.78
gga-miR-1712-5p	3.00	gga-mir-1712	3.00	3.00	0.39
gga-miR-1714	0.00	gga-mir-1714	0.00	0	0
gga-miR-1715-5p	0.00	gga-mir-1715	0.00	0	0
gga-miR-1716	3.00	gga-mir-1716	3.00	3.00	0.39
gga-miR-1717	0.00	gga-mir-1717	0.00	0	0
gga-miR-1719	0.00	gga-mir-1719	0.00	0	0
gga-miR-1720-5p	0.00	gga-mir-1720	0.00	0	0
gga-miR-1722-5p	0.00	gga-mir-1722	0.00	0	0
gga-miR-1724	0.00	gga-mir-1724	0.00	0	0
gga-miR-1727	0.00	gga-mir-1727	0.00	0	0
gga-miR-1728-5p	0.00	gga-mir-1728	0.00	0	0
gga-miR-1729-5p	712.00	gga-mir-1729	712.00	712.00	93.08
gga-miR-1730-5p	0.00	gga-mir-1730	0.00	0	0
gga-miR-1731-5p	0.00	gga-mir-1731	0.00	0	0
gga-miR-1734	2.00	gga-mir-1734	2.00	2.00	0.26
gga-miR-1735	2.00	gga-mir-1735	2.00	2.00	0.26
gga-miR-1736-5p	0.00	gga-mir-1736	0.00	0	0
gga-miR-1737	0.00	gga-mir-1737	0.00	0	0
gga-miR-1738	0.00	gga-mir-1738	0.00	0	0
gga-miR-1740-5p	0.00	gga-mir-1740	0.00	0	0
gga-miR-1743	0.00	gga-mir-1743	0.00	0	0
gga-miR-1744-5p	0.00	gga-mir-1744	0.00	0	0
gga-miR-1745	0.00	gga-mir-1745	0.00	0	0
gga-miR-1747-5p	0.00	gga-mir-1747	0.00	0	0
gga-miR-1749-5p	1.00	gga-mir-1749	1.00	1.00	0.13
gga-miR-1750	0.00	gga-mir-1750	0.00	0	0
gga-miR-1751-5p	0.00	gga-mir-1751	0.00	0	0
gga-miR-1753	0.00	gga-mir-1753	0.00	0	0
gga-miR-1754-5p	0.00	gga-mir-1754	0.00	0	0
gga-miR-1755	0.00	gga-mir-1755	0.00	0	0
gga-miR-1759-5p	1.00	gga-mir-1759	1.00	1.00	0.13
gga-miR-1761	0.00	gga-mir-1761	0.00	0	0
gga-miR-1762	0.00	gga-mir-1762	0.00	0	0
gga-miR-1763b-5p	0.00	gga-mir-1763b	0.00	0	0
gga-miR-1763b-3p	0.00	gga-mir-1763b	0.00	0	0
gga-miR-1764-5p	0.00	gga-mir-1764	0.00	0	0
gga-miR-1765	0.00	gga-mir-1765	0.00	0	0
gga-miR-1766	0.00	gga-mir-1766	0.00	0	0
gga-miR-1767	0.00	gga-mir-1767	0.00	0	0
gga-miR-1769-5p	17.00	gga-mir-1769	17.00	17.00	2.22
gga-miR-1772-5p	0.00	gga-mir-1772	0.00	0	0
gga-miR-1773-5p	1.00	gga-mir-1773	1.00	1.00	0.13
gga-miR-1775-5p	0.00	gga-mir-1775	0.00	0	0
gga-miR-1776	0.00	gga-mir-1776	0.00	0	0
gga-miR-1777	6.00	gga-mir-1777	6.00	6.00	0.78
gga-miR-1778	1.00	gga-mir-1778	1.00	1.00	0.13
gga-miR-1781-5p	0.00	gga-mir-1781	0.00	0	0
gga-miR-1783	0.00	gga-mir-1783	0.00	0	0
gga-miR-1784-5p	0.00	gga-mir-1784	0.00	0	0
gga-miR-1784b-5p	0.00	gga-mir-1784b	0.00	0	0
gga-miR-1784b-3p	0.00	gga-mir-1784b	0.00	0	0
gga-miR-1785	0.00	gga-mir-1785	0.00	0	0
gga-miR-1788-5p	1.00	gga-mir-1788	1.00	1.00	0.13
gga-miR-1791-5p	0.00	gga-mir-1791	0.00	0	0
gga-miR-1792	0.00	gga-mir-1792	0.00	0	0
gga-miR-1793	0.00	gga-mir-1793	0.00	0	0
gga-miR-1795	0.00	gga-mir-1795	0.00	0	0
gga-miR-1796	1.00	gga-mir-1796	1.00	1.00	0.13
gga-miR-1798-5p	0.00	gga-mir-1798	0.00	0	0
gga-miR-1800	0.00	gga-mir-1800	0.00	0	0
gga-miR-1801	0.00	gga-mir-1801	0.00	0	0
gga-miR-1802	0.00	gga-mir-1802	0.00	0	0
gga-miR-1805-5p	0.00	gga-mir-1805	0.00	0	0
gga-miR-1808	0.00	gga-mir-1808	0.00	0	0
gga-miR-1809	0.00	gga-mir-1809	0.00	0	0
gga-miR-1811	0.00	gga-mir-1811	0.00	0	0
gga-miR-1812-5p	0.00	gga-mir-1812	0.00	0	0
gga-miR-1813	0.00	gga-mir-1813-2	0.00	0	0
gga-miR-1814	1.00	gga-mir-1814	1.00	1.00	0.13
gga-miR-1815	0.00	gga-mir-1815	0.00	0	0
gga-miR-1816	0.00	gga-mir-1816	0.00	0	0
gga-miR-181a-5p	4749.00	gga-mir-181a-1	4749.00	4749.00	620.86
gga-miR-181a-5p	4788.00	gga-mir-181a-2	4788.00	4788.00	625.96
gga-miR-181b-5p	4233.00	gga-mir-181b-1	4233.00	4233.00	553.40
gga-miR-181b-5p	4369.00	gga-mir-181b-2	4369.00	4369.00	571.18
gga-miR-182-5p	1.00	gga-mir-182	1.00	1.00	0.13
gga-miR-183	28.00	gga-mir-183	28.00	28.00	3.66
gga-miR-184-5p	86.00	gga-mir-184	86.00	86.00	11.24
gga-miR-184b-5p	0.00	gga-mir-184b	0.00	0	0
gga-miR-187-5p	0.00	gga-mir-187	0.00	0	0
gga-miR-18a-5p	99.00	gga-mir-18a	99.00	99.00	12.94
gga-miR-18b-5p	308.00	gga-mir-18b	308.00	308.00	40.27
gga-miR-190a-5p	1312.00	gga-mir-190a	1312.00	1312.00	171.52
gga-miR-190b-5p	162.00	gga-mir-190b	162.00	162.00	21.18
gga-miR-191-5p	42460.00	gga-mir-191	42460.00	42460.00	5550.97
gga-miR-191-3p	1327.00	gga-mir-191	1327.00	1327.00	173.48
gga-miR-193a-5p	7310.00	gga-mir-193a	7310.00	7310.00	955.67
gga-miR-193b-5p	2.00	gga-mir-193b	2.00	2.00	0.26
gga-miR-194	1.00	gga-mir-194	1.00	1.00	0.13
gga-miR-196-5p	7450.00	gga-mir-196-1	7450.00	7450.00	973.97
gga-miR-196-5p	7400.00	gga-mir-196-2	7400.00	7400.00	967.43
gga-miR-196-5p	7350.00	gga-mir-196-3	7350.00	7350.00	960.90
gga-miR-196-5p	7400.00	gga-mir-196-4	7400.00	7400.00	967.43
gga-miR-196-5p	7400.00	gga-mir-196-5	7400.00	7400.00	967.43
gga-miR-199-5p	16925.00	gga-mir-199-1	16925.00	16925.00	2212.68
gga-miR-199-5p	16973.00	gga-mir-199-2	16973.00	16973.00	2218.95
gga-miR-199b	692.00	gga-mir-199b	692.00	692.00	90.47
gga-miR-19a-5p	115.00	gga-mir-19a	115.00	115.00	15.03
gga-miR-19b-5p	1.00	gga-mir-19b	1.00	1.00	0.13
gga-miR-1a-1-5p	71.00	gga-mir-1a-1	71.00	71.00	9.28
gga-miR-1a-2-5p	34.00	gga-mir-1a-2	34.00	34.00	4.44
gga-miR-1b-5p	5.00	gga-mir-1b	5.00	5.00	0.65
gga-miR-1c	4.00	gga-mir-1c	4.00	4.00	0.52
gga-miR-200a-5p	0.00	gga-mir-200a	0.00	0	0
gga-miR-200b-5p	0.00	gga-mir-200b	0.00	0	0
gga-miR-202-5p	0.00	gga-mir-202	0.00	0	0
gga-miR-204	38.00	gga-mir-204-1	38.00	38.00	4.97
gga-miR-211	38.00	gga-mir-204-1	38.00	38.00	4.97
gga-miR-204	38.00	gga-mir-204-2	38.00	38.00	4.97
gga-miR-211	38.00	gga-mir-204-2	38.00	38.00	4.97
gga-miR-205a	0.00	gga-mir-205a	0.00	0	0
gga-miR-205b	62.00	gga-mir-205b	62.00	62.00	8.11
gga-miR-205c-5p	0.00	gga-mir-205c	0.00	0	0
gga-miR-205c-3p	2.00	gga-mir-205c	2.00	2.00	0.26
gga-miR-20a-5p	1487.00	gga-mir-20a	1487.00	1487.00	194.40
gga-miR-20b-5p	47493.00	gga-mir-20b	47493.00	47493.00	6208.96
gga-miR-21-5p	541710.00	gga-mir-21	541710.00	541710.00	70819.99
gga-miR-210a-5p	15611.00	gga-mir-210a	15611.00	15611.00	2040.89
gga-miR-210b-5p	0.00	gga-mir-210b	0.00	0	0
gga-miR-204	38.00	gga-mir-211	38.00	38.00	4.97
gga-miR-211	38.00	gga-mir-211	38.00	38.00	4.97
gga-miR-212-5p	12.00	gga-mir-212	12.00	12.00	1.57
gga-miR-2126	0.00	gga-mir-2126	0.00	0	0
gga-miR-2131-5p	19.00	gga-mir-2131	19.00	19.00	2.48
gga-miR-214b-5p	242.00	gga-mir-214b	242.00	242.00	31.64
gga-miR-215-5p	12.00	gga-mir-215	12.00	12.00	1.57
gga-miR-216a	0.00	gga-mir-216a	0.00	0	0
gga-miR-216b	0.00	gga-mir-216b	0.00	0	0
gga-miR-216c	0.00	gga-mir-216c	0.00	0	0
gga-miR-217-5p	0.00	gga-mir-217	0.00	0	0
gga-miR-218-5p	51.00	gga-mir-218-1	51.00	51.00	6.67
gga-miR-218-5p	51.00	gga-mir-218-2	51.00	51.00	6.67
gga-miR-2184a-5p	349.00	gga-mir-2184a	349.00	349.00	45.63
gga-miR-2184a-3p	0.00	gga-mir-2184a	0.00	0	0
gga-miR-2184b-5p	0.00	gga-mir-2184b	0.00	0	0
gga-miR-2184b-3p	1.00	gga-mir-2184b	1.00	1.00	0.13
gga-miR-219a	0.00	gga-mir-219a	0.00	0	0
gga-miR-22-5p	1728.00	gga-mir-22	1728.00	1728.00	225.91
gga-miR-221-5p	166.00	gga-mir-221	166.00	166.00	21.70
gga-miR-222b-5p	8.00	gga-mir-222b	8.00	8.00	1.05
gga-miR-23b-5p	1691.00	gga-mir-23b	1691.00	1691.00	221.07
gga-miR-24-5p	526.00	gga-mir-24	526.00	526.00	68.77
gga-miR-26a-5p	1275.00	gga-mir-26a	1275.00	1275.00	166.69
gga-miR-26a-2-5p	1275.00	gga-mir-26a	1275.00	1275.00	166.69
gga-miR-26a-5p	1275.00	gga-mir-26a-2	1275.00	1275.00	166.69
gga-miR-26a-2-5p	1275.00	gga-mir-26a-2	1275.00	1275.00	166.69
gga-miR-27b-5p	260.00	gga-mir-27b	260.00	260.00	33.99
gga-miR-2954	1185068.00	gga-mir-2954	1185068.00	1185068.00	154928.83
gga-miR-2984-5p	0.00	gga-mir-2984	0.00	0	0
gga-miR-2985-5p	0.00	gga-mir-2985-1	0.00	0	0
gga-miR-2985-3p	0.00	gga-mir-2985-1	0.00	0	0
gga-miR-2985-5p	0.00	gga-mir-2985-2	0.00	0	0
gga-miR-2985-2-3p	0.00	gga-mir-2985-2	0.00	0	0
gga-miR-29a-5p	597.00	gga-mir-29a	597.00	597.00	78.05
gga-miR-29b-1-5p	2642.00	gga-mir-29b-1	2642.00	2642.00	345.40
gga-miR-29b-2-5p	25.00	gga-mir-29b-2	25.00	25.00	3.27
gga-miR-29c-5p	0.00	gga-mir-29c	0.00	0	0
gga-miR-301a-5p	732.00	gga-mir-301a	732.00	732.00	95.70
gga-miR-301b-5p	140.00	gga-mir-301b	140.00	140.00	18.30
gga-miR-302b-5p	0.00	gga-mir-302b	0.00	0	0
gga-miR-302c-5p	0.00	gga-mir-302c	0.00	0	0
gga-miR-3064-5p	3.00	gga-mir-3064	3.00	3.00	0.39
gga-miR-30a-5p	96.00	gga-mir-30a	96.00	96.00	12.55
gga-miR-30b-5p	680.00	gga-mir-30b	680.00	680.00	88.90
gga-miR-30c-5p	10359.00	gga-mir-30c-1	10359.00	10359.00	1354.27
gga-miR-30c-5p	10346.00	gga-mir-30c-2	10346.00	10346.00	1352.58
gga-miR-30d	216.00	gga-mir-30d	216.00	216.00	28.24
gga-miR-30e-5p	101.00	gga-mir-30e	101.00	101.00	13.20
gga-miR-31-5p	21.00	gga-mir-31	21.00	21.00	2.75
gga-miR-32-5p	134.00	gga-mir-32	134.00	134.00	17.52
gga-miR-33-5p	860.00	gga-mir-33-1	860.00	860.00	112.43
gga-miR-33-2-5p	860.00	gga-mir-33-1	860.00	860.00	112.43
gga-miR-33-5p	860.00	gga-mir-33-2	860.00	860.00	112.43
gga-miR-33-2-5p	861.00	gga-mir-33-2	861.00	861.00	112.56
gga-miR-338-5p	4.00	gga-mir-338	4.00	4.00	0.52
gga-miR-34a-5p	9296.00	gga-mir-34a	9296.00	9296.00	1215.30
gga-miR-34b-5p	0.00	gga-mir-34b	0.00	0	0
gga-miR-34b-5p	1.00	gga-mir-34c	1.00	1.00	0.13
gga-miR-34c-5p	1.00	gga-mir-34c	1.00	1.00	0.13
gga-miR-3525	11.00	gga-mir-3525	11.00	11.00	1.44
gga-miR-3528	20.00	gga-mir-3528	20.00	20.00	2.61
gga-miR-3529	2572.00	gga-mir-3529	2572.00	2572.00	336.25
gga-miR-3530-5p	608.00	gga-mir-3530	608.00	608.00	79.49
gga-miR-3531-5p	0.00	gga-mir-3531	0.00	0	0
gga-miR-3532-5p	2.00	gga-mir-3532	2.00	2.00	0.26
gga-miR-3534	0.00	gga-mir-3534	0.00	0	0
gga-miR-3535	435.00	gga-mir-3535	435.00	435.00	56.87
gga-miR-3536	10.00	gga-mir-3536	10.00	10.00	1.31
gga-miR-3537	0.00	gga-mir-3537	0.00	0	0
gga-miR-3538	38.00	gga-mir-3538	38.00	38.00	4.97
gga-miR-3539	0.00	gga-mir-3539	0.00	0	0
gga-miR-3540	2.00	gga-mir-3540	2.00	2.00	0.26
gga-miR-3594-5p	0.00	gga-mir-3594	0.00	0	0
gga-miR-363-5p	223.00	gga-mir-363	223.00	223.00	29.15
gga-miR-365-1-5p	13.00	gga-mir-365-1	13.00	13.00	1.70
gga-miR-365-2-5p	61.00	gga-mir-365-2	61.00	61.00	7.97
gga-miR-365b-5p	0.00	gga-mir-365b	0.00	0	0
gga-miR-383-5p	100.00	gga-mir-383	100.00	100.00	13.07
gga-miR-425-5p	11198.00	gga-mir-425	11198.00	11198.00	1463.96
gga-miR-429-5p	4.00	gga-mir-429	4.00	4.00	0.52
gga-miR-449a	13.00	gga-mir-449a	13.00	13.00	1.70
gga-miR-449b-5p	20.00	gga-mir-449b	20.00	20.00	2.61
gga-miR-449c-5p	2.00	gga-mir-449c	2.00	2.00	0.26
gga-miR-449d-5p	96.00	gga-mir-449d	96.00	96.00	12.55
gga-miR-451	4.00	gga-mir-451	4.00	4.00	0.52
gga-miR-454-5p	3.00	gga-mir-454	3.00	3.00	0.39
gga-miR-455-5p	481.00	gga-mir-455	481.00	481.00	62.88
gga-miR-456-5p	15.00	gga-mir-456	15.00	15.00	1.96
gga-miR-458a-5p	7.00	gga-mir-458a	7.00	7.00	0.92
gga-miR-458b-5p	0.00	gga-mir-458b	0.00	0	0
gga-miR-460a-5p	27.00	gga-mir-460a	27.00	27.00	3.53
gga-miR-460b-5p	350.00	gga-mir-460b	350.00	350.00	45.76
gga-miR-4732-5p	0.00	gga-mir-4732	0.00	0	0
gga-miR-489-5p	0.00	gga-mir-489	0.00	0	0
gga-miR-490-5p	0.00	gga-mir-490	0.00	0	0
gga-miR-499-5p	13.00	gga-mir-499	13.00	13.00	1.70
gga-miR-551-5p	0.00	gga-mir-551	0.00	0	0
gga-miR-6516-5p	0.00	gga-mir-6516	0.00	0	0
gga-miR-6543-5p	0.00	gga-mir-6543	0.00	0	0
gga-miR-6544-5p	0.00	gga-mir-6544	0.00	0	0
gga-miR-6545-5p	0.00	gga-mir-6545	0.00	0	0
gga-miR-6547-5p	1.00	gga-mir-6547	1.00	1.00	0.13
gga-miR-6548-5p	0.00	gga-mir-6548	0.00	0	0
gga-miR-6549-5p	0.00	gga-mir-6549	0.00	0	0
gga-miR-6550-5p	1.00	gga-mir-6550	1.00	1.00	0.13
gga-miR-6551-5p	0.00	gga-mir-6551	0.00	0	0
gga-miR-6552-5p	0.00	gga-mir-6552	0.00	0	0
gga-miR-6553-5p	0.00	gga-mir-6553	0.00	0	0
gga-miR-6554-5p	0.00	gga-mir-6554	0.00	0	0
gga-miR-6555-5p	0.00	gga-mir-6555	0.00	0	0
gga-miR-6556-5p	0.00	gga-mir-6556	0.00	0	0
gga-miR-6557-5p	0.00	gga-mir-6557	0.00	0	0
gga-miR-6559-5p	0.00	gga-mir-6559	0.00	0	0
gga-miR-6560-5p	0.00	gga-mir-6560	0.00	0	0
gga-miR-6561-5p	0.00	gga-mir-6561	0.00	0	0
gga-miR-6562-5p	0.00	gga-mir-6562	0.00	0	0
gga-miR-6563-5p	0.00	gga-mir-6563	0.00	0	0
gga-miR-6564-5p	0.00	gga-mir-6564	0.00	0	0
gga-miR-6565-5p	0.00	gga-mir-6565	0.00	0	0
gga-miR-6566-5p	0.00	gga-mir-6566	0.00	0	0
gga-miR-6567-5p	0.00	gga-mir-6567	0.00	0	0
gga-miR-6568-5p	0.00	gga-mir-6568	0.00	0	0
gga-miR-6569-5p	0.00	gga-mir-6569	0.00	0	0
gga-miR-6570-5p	0.00	gga-mir-6570	0.00	0	0
gga-miR-6571-5p	0.00	gga-mir-6571	0.00	0	0
gga-miR-6572-5p	0.00	gga-mir-6572	0.00	0	0
gga-miR-6573-5p	0.00	gga-mir-6573	0.00	0	0
gga-miR-6574-5p	0.00	gga-mir-6574	0.00	0	0
gga-miR-6575-5p	0.00	gga-mir-6575	0.00	0	0
gga-miR-6576-5p	0.00	gga-mir-6576	0.00	0	0
gga-miR-6577-5p	0.00	gga-mir-6577	0.00	0	0
gga-miR-6578-5p	0.00	gga-mir-6578	0.00	0	0
gga-miR-6579-5p	0.00	gga-mir-6579-1	0.00	0	0
gga-miR-6579-5p	0.00	gga-mir-6579-2	0.00	0	0
gga-miR-6580-5p	0.00	gga-mir-6580	0.00	0	0
gga-miR-6581-5p	0.00	gga-mir-6581	0.00	0	0
gga-miR-6582-5p	0.00	gga-mir-6582	0.00	0	0
gga-miR-6583-5p	1.00	gga-mir-6583	1.00	1.00	0.13
gga-miR-6584-5p	0.00	gga-mir-6584	0.00	0	0
gga-miR-6585-5p	0.00	gga-mir-6585	0.00	0	0
gga-miR-6586-5p	0.00	gga-mir-6586	0.00	0	0
gga-miR-6587-5p	0.00	gga-mir-6587	0.00	0	0
gga-miR-6589-5p	0.00	gga-mir-6589	0.00	0	0
gga-miR-6590-5p	0.00	gga-mir-6590	0.00	0	0
gga-miR-6593-5p	0.00	gga-mir-6593	0.00	0	0
gga-miR-6594-5p	0.00	gga-mir-6594	0.00	0	0
gga-miR-6595-5p	0.00	gga-mir-6595	0.00	0	0
gga-miR-6596-5p	1.00	gga-mir-6596	1.00	1.00	0.13
gga-miR-6598-5p	0.00	gga-mir-6598	0.00	0	0
gga-miR-6599-5p	0.00	gga-mir-6599	0.00	0	0
gga-miR-6602-5p	0.00	gga-mir-6602	0.00	0	0
gga-miR-6604-5p	0.00	gga-mir-6604	0.00	0	0
gga-miR-6605-5p	0.00	gga-mir-6605	0.00	0	0
gga-miR-6606-5p	13.00	gga-mir-6606	13.00	13.00	1.70
gga-miR-6607-5p	0.00	gga-mir-6607	0.00	0	0
gga-miR-6608-5p	0.00	gga-mir-6608-1	0.00	0	0
gga-miR-6608-5p	0.00	gga-mir-6608-2	0.00	0	0
gga-miR-6611-5p	0.00	gga-mir-6611	0.00	0	0
gga-miR-6612-5p	0.00	gga-mir-6612	0.00	0	0
gga-miR-6615-5p	0.00	gga-mir-6615	0.00	0	0
gga-miR-6616-5p	0.00	gga-mir-6616	0.00	0	0
gga-miR-6618-5p	1.00	gga-mir-6618	1.00	1.00	0.13
gga-miR-6619-5p	0.00	gga-mir-6619	0.00	0	0
gga-miR-6620-5p	1.00	gga-mir-6620	1.00	1.00	0.13
gga-miR-6621-5p	0.00	gga-mir-6621	0.00	0	0
gga-miR-6625-5p	0.00	gga-mir-6625	0.00	0	0
gga-miR-6626-5p	1.00	gga-mir-6626	1.00	1.00	0.13
gga-miR-6629-5p	0.00	gga-mir-6629	0.00	0	0
gga-miR-6631-5p	0.00	gga-mir-6631	0.00	0	0
gga-miR-6632-5p	0.00	gga-mir-6632	0.00	0	0
gga-miR-6633-5p	0.00	gga-mir-6633	0.00	0	0
gga-miR-6634-5p	0.00	gga-mir-6634	0.00	0	0
gga-miR-6635-5p	0.00	gga-mir-6635-1	0.00	0	0
gga-miR-6635-5p	0.00	gga-mir-6635-2	0.00	0	0
gga-miR-6635-5p	0.00	gga-mir-6635-3	0.00	0	0
gga-miR-6639-5p	0.00	gga-mir-6639	0.00	0	0
gga-miR-6640-5p	0.00	gga-mir-6640	0.00	0	0
gga-miR-6641-5p	0.00	gga-mir-6641	0.00	0	0
gga-miR-6642-5p	0.00	gga-mir-6642	0.00	0	0
gga-miR-6643-5p	1.00	gga-mir-6643	1.00	1.00	0.13
gga-miR-6645-5p	0.00	gga-mir-6645	0.00	0	0
gga-miR-6647-5p	0.00	gga-mir-6647	0.00	0	0
gga-miR-6648-5p	0.00	gga-mir-6648-1	0.00	0	0
gga-miR-6648-5p	0.00	gga-mir-6648-2	0.00	0	0
gga-miR-6650-5p	1.00	gga-mir-6650	1.00	1.00	0.13
gga-miR-6651-5p	43.00	gga-mir-6651	43.00	43.00	5.62
gga-miR-6652-5p	0.00	gga-mir-6652	0.00	0	0
gga-miR-6655-5p	0.00	gga-mir-6655	0.00	0	0
gga-miR-6656-5p	0.00	gga-mir-6656	0.00	0	0
gga-miR-6661-5p	0.00	gga-mir-6661	0.00	0	0
gga-miR-6663-5p	0.00	gga-mir-6663	0.00	0	0
gga-miR-6665-5p	7.00	gga-mir-6665	7.00	7.00	0.92
gga-miR-6667-5p	0.00	gga-mir-6667	0.00	0	0
gga-miR-6669-5p	0.00	gga-mir-6669	0.00	0	0
gga-miR-6670-5p	0.00	gga-mir-6670	0.00	0	0
gga-miR-6671-5p	0.00	gga-mir-6671	0.00	0	0
gga-miR-6675-5p	0.00	gga-mir-6675	0.00	0	0
gga-miR-6677-5p	0.00	gga-mir-6677	0.00	0	0
gga-miR-6679-5p	0.00	gga-mir-6679	0.00	0	0
gga-miR-6681-5p	0.00	gga-mir-6681	0.00	0	0
gga-miR-6684-5p	0.00	gga-mir-6684	0.00	0	0
gga-miR-6685-5p	0.00	gga-mir-6685	0.00	0	0
gga-miR-6690-5p	0.00	gga-mir-6690	0.00	0	0
gga-miR-6691-5p	5.00	gga-mir-6691-1	5.00	5.00	0.65
gga-miR-6691-5p	5.00	gga-mir-6691-2	5.00	5.00	0.65
gga-miR-6692-5p	0.00	gga-mir-6692	0.00	0	0
gga-miR-6695-5p	0.00	gga-mir-6695	0.00	0	0
gga-miR-6696-5p	0.00	gga-mir-6696	0.00	0	0
gga-miR-6697-5p	4.00	gga-mir-6697	4.00	4.00	0.52
gga-miR-6699-5p	0.00	gga-mir-6699	0.00	0	0
gga-miR-6700-5p	0.00	gga-mir-6700	0.00	0	0
gga-miR-6702-5p	6.00	gga-mir-6702	6.00	6.00	0.78
gga-miR-6704-5p	0.00	gga-mir-6704	0.00	0	0
gga-miR-6705-5p	0.00	gga-mir-6705	0.00	0	0
gga-miR-6706-5p	0.00	gga-mir-6706	0.00	0	0
gga-miR-6707-5p	1.00	gga-mir-6707	1.00	1.00	0.13
gga-miR-6708-5p	0.00	gga-mir-6708	0.00	0	0
gga-miR-6709-5p	0.00	gga-mir-6709	0.00	0	0
gga-miR-6711-5p	0.00	gga-mir-6711	0.00	0	0
gga-miR-6712-5p	0.00	gga-mir-6712	0.00	0	0
gga-miR-6713-3p	0.00	gga-mir-6713	0.00	0	0
gga-miR-7	2649.00	gga-mir-7-1	2649.00	2649.00	346.31
gga-miR-7	2691.00	gga-mir-7-2	2691.00	2691.00	351.81
gga-miR-7	2741.00	gga-mir-7-3	2741.00	2741.00	358.34
gga-miR-726-5p	2.00	gga-mir-726	2.00	2.00	0.26
gga-miR-726-3p	0.00	gga-mir-726	0.00	0	0
gga-miR-7437-5p	0.00	gga-mir-7437	0.00	0	0
gga-miR-7438-5p	0.00	gga-mir-7438	0.00	0	0
gga-miR-7439-5p	0.00	gga-mir-7439	0.00	0	0
gga-miR-7440-5p	0.00	gga-mir-7440	0.00	0	0
gga-miR-7441-5p	0.00	gga-mir-7441	0.00	0	0
gga-miR-7442-5p	0.00	gga-mir-7442	0.00	0	0
gga-miR-7442-3p	0.00	gga-mir-7442	0.00	0	0
gga-miR-7443-5p	0.00	gga-mir-7443	0.00	0	0
gga-miR-7443-3p	0.00	gga-mir-7443	0.00	0	0
gga-miR-7444-5p	0.00	gga-mir-7444	0.00	0	0
gga-miR-7445-5p	0.00	gga-mir-7445-1	0.00	0	0
gga-miR-7445-3p	0.00	gga-mir-7445-1	0.00	0	0
gga-miR-7445-5p	0.00	gga-mir-7445-2	0.00	0	0
gga-miR-7445-3p	0.00	gga-mir-7445-2	0.00	0	0
gga-miR-7446-5p	0.00	gga-mir-7446	0.00	0	0
gga-miR-7447-5p	0.00	gga-mir-7447	0.00	0	0
gga-miR-7448-5p	0.00	gga-mir-7448	0.00	0	0
gga-miR-7448-3p	3.00	gga-mir-7448	3.00	3.00	0.39
gga-miR-7449-5p	2.00	gga-mir-7449	2.00	2.00	0.26
gga-miR-7450-5p	0.00	gga-mir-7450	0.00	0	0
gga-miR-7450-3p	0.00	gga-mir-7450	0.00	0	0
gga-miR-7451-5p	0.00	gga-mir-7451	0.00	0	0
gga-miR-7451-3p	0.00	gga-mir-7451	0.00	0	0
gga-miR-7452-5p	0.00	gga-mir-7452	0.00	0	0
gga-miR-7453-5p	0.00	gga-mir-7453	0.00	0	0
gga-miR-7454-5p	0.00	gga-mir-7454	0.00	0	0
gga-miR-7454-3p	0.00	gga-mir-7454	0.00	0	0
gga-miR-7455-5p	1.00	gga-mir-7455	1.00	1.00	0.13
gga-miR-7455-3p	50.00	gga-mir-7455	50.00	50.00	6.54
gga-miR-7456-5p	1.00	gga-mir-7456	1.00	1.00	0.13
gga-miR-7456-3p	0.00	gga-mir-7456	0.00	0	0
gga-miR-7457-5p	1.00	gga-mir-7457	1.00	1.00	0.13
gga-miR-7457-3p	0.00	gga-mir-7457	0.00	0	0
gga-miR-7458-5p	0.00	gga-mir-7458-1	0.00	0	0
gga-miR-7458-5p	0.00	gga-mir-7458-2	0.00	0	0
gga-miR-7459-5p	0.00	gga-mir-7459	0.00	0	0
gga-miR-7460-5p	0.00	gga-mir-7460	0.00	0	0
gga-miR-7461-5p	0.00	gga-mir-7461	0.00	0	0
gga-miR-7462-5p	12.00	gga-mir-7462	12.00	12.00	1.57
gga-miR-7463-5p	0.00	gga-mir-7463	0.00	0	0
gga-miR-7464-5p	0.00	gga-mir-7464	0.00	0	0
gga-miR-7464-3p	0.00	gga-mir-7464	0.00	0	0
gga-miR-7465-5p	0.00	gga-mir-7465	0.00	0	0
gga-miR-7465-3p	0.00	gga-mir-7465	0.00	0	0
gga-miR-7466-5p	0.00	gga-mir-7466	0.00	0	0
gga-miR-7466-3p	0.00	gga-mir-7466	0.00	0	0
gga-miR-7467-5p	0.00	gga-mir-7467	0.00	0	0
gga-miR-7468-5p	0.00	gga-mir-7468	0.00	0	0
gga-miR-7469-5p	0.00	gga-mir-7469	0.00	0	0
gga-miR-7470-5p	0.00	gga-mir-7470	0.00	0	0
gga-miR-7471-5p	0.00	gga-mir-7471	0.00	0	0
gga-miR-7471-3p	1.00	gga-mir-7471	1.00	1.00	0.13
gga-miR-7472-5p	0.00	gga-mir-7472	0.00	0	0
gga-miR-7473-5p	0.00	gga-mir-7473	0.00	0	0
gga-miR-7474-5p	4.00	gga-mir-7474	4.00	4.00	0.52
gga-miR-7475-5p	85.00	gga-mir-7475	85.00	85.00	11.11
gga-miR-7476-5p	0.00	gga-mir-7476	0.00	0	0
gga-miR-7477-5p	1.00	gga-mir-7477	1.00	1.00	0.13
gga-miR-7478-5p	0.00	gga-mir-7478	0.00	0	0
gga-miR-7479-5p	0.00	gga-mir-7479-1	0.00	0	0
gga-miR-7479-5p	0.00	gga-mir-7479-2	0.00	0	0
gga-miR-7479-5p	0.00	gga-mir-7479-3	0.00	0	0
gga-miR-7480-5p	0.00	gga-mir-7480-1	0.00	0	0
gga-miR-7480-3p	0.00	gga-mir-7480-1	0.00	0	0
gga-miR-7480-5p	0.00	gga-mir-7480-2	0.00	0	0
gga-miR-7480-3p	0.00	gga-mir-7480-2	0.00	0	0
gga-miR-7480-5p	0.00	gga-mir-7480-3	0.00	0	0
gga-miR-7480-3p	0.00	gga-mir-7480-3	0.00	0	0
gga-miR-7481-5p	0.00	gga-mir-7481	0.00	0	0
gga-miR-7481-3p	0.00	gga-mir-7481	0.00	0	0
gga-miR-7482-5p	0.00	gga-mir-7482-1	0.00	0	0
gga-miR-7482-3p	0.00	gga-mir-7482-1	0.00	0	0
gga-miR-7482-5p	0.00	gga-mir-7482-2	0.00	0	0
gga-miR-7482-3p	0.00	gga-mir-7482-2	0.00	0	0
gga-miR-7482-5p	0.00	gga-mir-7482-3	0.00	0	0
gga-miR-7482-3p	0.00	gga-mir-7482-3	0.00	0	0
gga-miR-7482-5p	0.00	gga-mir-7482-4	0.00	0	0
gga-miR-7482-3p	0.00	gga-mir-7482-4	0.00	0	0
gga-miR-7482-5p	0.00	gga-mir-7482-5	0.00	0	0
gga-miR-7482-3p	0.00	gga-mir-7482-5	0.00	0	0
gga-miR-7482-5p	0.00	gga-mir-7482-6	0.00	0	0
gga-miR-7482-3p	0.00	gga-mir-7482-6	0.00	0	0
gga-miR-7483-5p	0.00	gga-mir-7483	0.00	0	0
gga-miR-7483-3p	0.00	gga-mir-7483	0.00	0	0
gga-miR-757	1.00	gga-mir-757	1.00	1.00	0.13
gga-miR-7b	15.00	gga-mir-7b	15.00	15.00	1.96
gga-miR-9-5p	15.00	gga-mir-9-1	15.00	15.00	1.96
gga-miR-9-5p	15.00	gga-mir-9-2	15.00	15.00	1.96
gga-miR-9-5p	15.00	gga-mir-9-3	15.00	15.00	1.96
gga-miR-9-5p	15.00	gga-mir-9-4	15.00	15.00	1.96
gga-miR-92-5p	1899.00	gga-mir-92-1	1899.00	1899.00	248.26
gga-miR-96-5p	0.00	gga-mir-96	0.00	0	0
gga-miR-99a-5p	1801.00	gga-mir-99a	1801.00	1801.00	235.45
gga-miR-9b-5p	0.00	gga-mir-9b-1	0.00	0	0
gga-miR-9b-3p	0.00	gga-mir-9b-1	0.00	0	0
gga-miR-9b-5p	0.00	gga-mir-9b-2	0.00	0	0
gga-miR-9b-3p	0.00	gga-mir-9b-2	0.00	0	0
